	kernel1	kernel2	kernel3	kernel4	kernel5	kernel6	kernel7	stride1	stride2	stride3	stride4	stride5	stride6	stride7	cross-validation-avg-r2
0	18	24	26	4	32	20	30	2	3	3	8	3	4	5	0.4926625504432824
1	26	34	26	26	8	10	12	5	2	2	3	3	5	8	0.5047382502810327
2	26	22	18	14	24	20	30	2	2	3	7	4	3	4	0.5066997052224367
3	40	12	2	8	30	12	38	3	2	5	6	2	5	8	0.5230605596361569
4	34	18	10	32	8	38	4	2	2	2	5	6	6	2	0.5285260593531705
5	20	38	4	4	38	22	38	2	3	3	3	6	5	7	0.5129615952011772
6	20	32	6	18	14	8	10	3	3	3	3	3	4	7	0.5025588058186513
7	26	2	12	36	30	34	22	3	7	4	8	7	3	8	0.3849716686092923
8	28	18	34	8	4	34	8	6	2	3	4	5	8	3	0.46776452850489986
9	4	4	36	12	10	10	2	3	3	3	7	4	3	2	0.4737105120771549
10	40	14	20	24	36	16	18	2	3	2	3	3	5	8	0.5132584721282017
11	24	38	4	24	28	22	34	3	2	3	3	4	8	6	0.5243723700997958
12	34	16	12	16	36	6	38	2	2	2	6	7	5	6	0.5280513528180326
13	28	38	28	18	12	14	14	2	2	3	5	7	6	6	0.5079535332445665
14	20	14	36	4	40	4	2	3	2	4	3	7	7	4	0.4896848627892807
15	38	20	10	22	6	8	18	3	2	3	3	6	2	8	0.5018302668769047
16	32	8	22	30	2	8	6	3	2	3	8	5	3	4	0.5226011878617196
17	2	22	36	8	32	38	26	2	2	2	4	4	6	6	0.5210289658584568
18	28	30	22	24	24	2	22	3	2	2	4	6	4	3	0.5240688800267821
19	8	16	14	12	8	12	30	4	2	4	3	5	7	5	0.5050320886813434
20	2	34	34	14	28	2	10	4	3	2	3	8	7	3	0.4996848443767702
21	30	22	6	14	4	16	22	3	2	5	5	4	8	4	0.5242405716868774
22	38	30	36	22	20	22	26	2	3	2	7	6	3	6	0.513410748999959
23	22	24	20	16	4	6	28	5	3	3	5	6	8	8	0.47375627121485
24	20	20	38	6	26	32	20	4	3	2	7	4	4	7	0.4845888319483592
25	2	10	2	36	18	34	10	6	2	2	5	7	6	4	0.5017243003359452
26	4	40	12	30	32	4	28	2	5	4	7	5	3	7	0.4410920939664057
27	4	30	12	6	12	8	32	2	2	4	8	5	7	4	0.5220667531311822
28	18	4	36	36	36	36	34	3	3	3	7	5	5	2	0.4939837058308403
29	18	22	38	10	24	4	20	2	2	3	6	7	8	6	0.5241723048399622
30	30	24	30	32	4	18	20	3	2	2	3	7	5	4	0.5235994317093109
31	32	10	4	10	32	10	38	3	3	2	8	6	5	4	0.505476473053158
32	38	8	28	6	36	38	8	2	2	6	8	3	6	4	0.5230868967703526
33	40	26	14	32	24	4	22	2	3	3	7	7	5	5	0.49311041065000377
34	24	14	32	4	20	38	22	2	3	3	4	5	4	3	0.4892925346019486
35	38	28	34	28	32	40	2	3	2	3	6	3	4	7	0.5029164871564065
36	38	18	24	10	22	38	20	3	3	3	3	4	8	4	0.4850031878434327
37	32	12	34	38	4	30	20	3	5	3	5	2	7	8	0.47442044102137554
38	36	18	28	14	4	6	24	3	2	3	3	7	3	6	0.5058399872446779
39	20	40	38	38	6	8	30	2	2	2	5	6	7	7	0.5252302972550608
40	6	40	16	20	18	24	2	3	2	3	7	5	4	3	0.4990243564743111
41	32	34	16	24	18	34	16	3	2	2	5	3	5	3	0.529600727851683
42	16	6	38	26	34	30	16	2	3	2	2	4	7	4	0.5011321887256375
43	34	20	16	20	16	24	38	3	4	3	3	3	2	2	0.4896247672059243
44	38	28	24	28	28	2	24	2	3	3	5	3	4	3	0.514893752505414
45	40	2	32	36	38	8	38	3	3	3	3	5	6	5	0.5038856785575194
46	36	16	16	18	36	28	32	2	2	3	7	7	7	2	0.5247996495318409
47	36	30	32	4	20	4	34	3	2	5	2	5	3	4	0.5243356559986665
48	22	14	40	36	20	10	14	3	2	3	5	6	6	4	0.5026942935683625
49	36	38	28	2	30	32	26	2	5	3	5	2	3	8	0.46637392236901193
50	28	2	6	26	18	6	12	2	2	2	3	3	4	3	0.5266203301524924
51	30	10	38	28	38	6	38	4	2	3	6	6	3	3	0.4935289494065199
52	4	30	40	18	14	24	24	2	2	3	7	5	7	3	0.5216977271222919
53	16	38	30	8	38	12	26	2	3	3	5	3	3	8	0.4969137469054603
54	22	6	24	8	10	24	22	2	3	3	5	6	5	5	0.4884102961147344
55	40	30	26	16	6	2	38	2	2	3	6	5	3	7	0.5084187833288096
56	32	38	8	34	26	38	18	3	4	3	4	7	5	8	0.4903749016795816
57	36	34	32	22	22	6	30	7	2	2	3	3	2	5	0.49299225507968
58	14	36	32	34	14	10	38	3	2	2	5	7	8	5	0.49845557852191136
59	26	18	34	2	28	20	18	2	2	3	4	4	8	7	0.5254754151568108
60	28	16	28	20	32	2	34	8	2	2	8	7	8	6	0.4795256785278922
61	38	4	18	8	32	12	26	5	2	3	5	7	6	2	0.5006840180873257
62	34	36	8	40	16	4	16	2	4	3	5	8	5	6	0.5003931889315234
63	38	28	30	8	36	16	4	5	3	3	3	5	2	4	0.4623158148603433
64	36	2	2	22	38	2	4	2	3	4	7	8	7	6	0.4779156107748734
65	8	34	30	38	30	8	22	2	2	3	6	6	3	7	0.5069046969044637
66	36	26	34	20	14	28	32	3	2	3	8	5	4	6	0.4511743438648302
67	28	10	18	6	18	6	30	4	2	2	6	5	8	5	0.5102139135221386
68	36	38	34	18	22	6	30	4	3	4	7	6	6	3	0.49517458388572855
69	16	24	8	10	18	28	4	4	2	2	3	2	8	6	0.5138006293939714
70	14	6	26	28	24	28	10	3	3	3	7	8	7	3	0.48043392501640536
71	38	2	2	18	18	32	26	2	3	3	5	6	5	7	0.5125530804482963
72	8	6	36	16	38	4	22	5	2	2	8	7	6	6	0.50503997063753
73	26	8	30	8	32	26	36	7	3	2	6	3	5	7	0.45149841842580657
74	16	40	30	12	14	12	20	3	2	2	7	8	3	2	0.4806226759342657
75	28	32	14	28	10	10	12	4	2	5	4	7	7	8	0.5127084093358019
76	18	10	18	10	16	2	36	3	2	3	6	3	4	6	0.5178041105683673
77	38	36	18	36	16	16	20	4	3	3	6	4	5	5	0.49489291598000384
78	34	32	10	12	32	22	30	2	5	3	4	5	5	4	0.4871498110832165
79	34	14	30	4	34	28	34	3	2	3	5	6	4	7	0.5075244482324952
80	10	20	32	18	6	24	2	6	2	3	4	8	2	7	0.4800437440351366
81	28	8	38	6	36	8	34	2	3	2	6	4	6	7	0.5195041190074913
82	18	28	28	22	34	22	12	2	2	2	4	3	5	6	0.5236546971630334
83	34	18	16	32	30	28	34	4	2	2	5	6	2	8	0.5134438065803069
84	36	24	20	16	24	4	22	4	3	2	7	4	4	3	0.4936333948918888
85	30	32	8	24	26	36	36	4	3	3	5	4	2	8	0.4653396633929171
86	30	26	38	30	2	24	8	2	2	3	7	7	5	6	0.5255532839441822
87	30	38	38	8	32	34	30	4	2	6	2	4	4	4	0.5149944167233513
88	14	28	26	24	30	12	38	2	2	2	8	6	4	6	0.5222265248457234
89	38	14	32	6	12	20	34	2	3	2	8	8	5	5	0.4630790805479624
90	34	4	18	28	28	38	12	3	2	4	2	2	6	6	0.5199970291273868
91	38	22	16	10	38	24	18	4	2	2	3	3	4	2	0.5127025288253312
92	36	18	6	16	34	28	40	2	3	3	3	3	3	7	0.4913691697693108
93	36	28	22	38	8	40	4	2	2	2	4	5	5	7	0.5285122416960802
94	16	28	2	6	30	24	6	3	2	3	5	3	3	6	0.5192771649333049
95	2	30	40	36	14	4	24	2	2	5	7	7	4	6	0.5220375463884076
96	34	26	28	8	34	40	8	3	2	8	4	5	3	6	0.4446653904768433
97	34	38	34	8	14	8	12	4	2	3	2	6	3	7	0.5139595260269861
98	4	12	36	18	2	28	22	3	2	4	5	8	7	5	0.5172929442090793
99	24	22	34	18	26	28	32	3	4	2	3	8	6	3	0.4872984997174974
100	38	18	8	34	14	36	16	4	2	3	5	4	7	4	0.5113413446639457
101	32	20	20	6	28	34	34	2	2	3	6	7	2	2	0.5249663779162513
102	10	4	34	22	16	34	10	2	2	2	3	5	4	4	0.5232064342304606
103	4	30	10	8	22	26	40	3	3	3	4	3	8	5	0.4582890495689893
104	26	18	2	38	8	28	30	2	3	3	2	5	6	3	0.4931407559466201
105	2	34	12	28	28	26	4	2	2	5	5	6	7	2	0.5222674079179622
106	30	40	4	6	24	4	24	3	3	3	4	3	3	4	0.464860064643785
107	18	20	28	12	8	12	34	3	2	3	7	2	3	8	0.5205110059505996
108	12	30	10	34	10	10	16	2	2	4	2	5	8	3	0.48885411174790744
109	4	18	32	18	12	8	40	6	3	7	6	4	4	4	0.39773330010053864
110	16	38	26	16	16	34	18	3	2	3	5	7	5	3	0.5207395468689158
111	12	12	28	34	18	4	24	3	4	2	4	7	4	3	0.4745702358165126
112	10	4	2	34	2	36	30	3	3	2	2	6	3	3	0.4934268644393456
113	34	18	6	34	30	10	18	3	3	3	2	7	4	3	0.4797141068629985
114	16	20	14	16	4	28	38	3	2	2	5	4	7	8	0.5192311826857098
115	16	18	14	24	2	2	2	2	2	2	7	3	4	7	0.47153415285030686
116	30	38	30	26	24	10	28	3	2	3	7	6	5	8	0.5040767227893692
117	34	16	6	12	32	10	20	3	2	4	4	5	2	5	0.5225592362026916
118	34	38	22	30	28	26	22	4	4	3	4	7	8	5	0.4484489587102574
119	38	40	10	6	12	20	4	3	3	4	3	7	6	3	0.4527247829570135
120	30	36	18	24	20	36	32	2	3	3	7	7	2	7	0.5149808164164469
121	18	20	40	32	12	36	28	3	4	7	6	6	3	3	0.3754102169777752
122	22	32	10	36	14	4	14	2	2	3	2	3	7	2	0.5255189118521282
123	22	34	6	32	20	12	22	6	4	5	7	6	2	5	0.39090878543321694
124	10	32	20	8	28	34	30	2	3	2	4	8	2	6	0.506672001706937
125	18	16	2	40	32	4	16	2	2	2	2	6	3	7	0.5225429299394372
126	36	10	28	38	40	6	24	2	3	3	7	5	5	5	0.4372293286362751
127	34	38	12	6	36	28	26	3	2	2	3	6	5	5	0.528190536429699
128	34	36	36	6	2	22	14	2	4	4	8	5	4	5	0.5000150001965884
129	36	34	38	20	30	38	2	3	2	6	6	7	5	4	0.5240802893931953
130	12	36	12	8	32	4	20	2	3	3	3	5	3	4	0.5061254041850186
131	32	20	14	28	4	4	26	3	2	5	2	6	4	5	0.5241965303071221
132	22	18	20	10	38	34	2	2	3	3	8	4	5	4	0.4886294474532861
133	32	12	40	28	12	24	32	3	2	3	3	8	5	6	0.5055622493265779
134	6	22	8	12	28	6	36	4	2	2	2	2	2	3	0.5041226861879924
135	18	28	16	24	14	14	16	3	7	5	7	3	3	7	0.3683888035803599
136	30	32	38	16	20	8	40	3	3	2	4	2	4	5	0.5141308759678611
137	40	28	12	34	16	26	32	3	3	3	6	4	5	6	0.5060534790453919
138	30	4	30	38	22	36	30	2	2	3	5	5	2	3	0.5241752957546768
139	32	34	20	20	6	18	28	3	3	2	8	7	3	5	0.5079720653062904
140	40	10	2	14	14	22	6	2	3	3	3	7	7	4	0.4938654308306871
141	26	30	36	22	40	22	18	2	3	2	2	5	5	4	0.5221543252846675
142	36	36	4	36	4	6	18	2	2	4	7	8	7	5	0.49258412001610896
143	4	36	38	8	2	8	30	2	2	2	6	4	4	7	0.5271813038524015
144	28	10	6	34	4	4	22	4	3	2	3	6	3	5	0.49333397660116873
145	4	36	10	34	38	26	18	6	2	2	3	5	6	5	0.49782610487242274
146	8	22	12	10	18	24	36	3	2	2	3	5	3	7	0.5221152402799915
147	30	18	2	38	12	22	22	3	2	4	5	4	7	7	0.5247213758787084
148	4	6	26	36	30	4	10	3	3	2	2	3	7	6	0.484293923079641
149	20	6	28	4	24	10	24	2	4	3	3	7	8	7	0.4913923994516281
150	30	10	36	10	20	20	32	2	3	2	6	8	4	7	0.5114929460807711
151	28	26	12	6	22	16	12	3	3	2	5	4	7	7	0.4839264516503719
152	26	24	2	12	12	32	4	2	3	2	5	6	2	6	0.514943560196419
153	22	36	4	12	36	8	2	2	2	3	3	5	4	6	0.5258868141839084
154	24	14	16	18	14	26	38	4	2	2	2	4	5	7	0.516057143585752
155	22	6	6	22	6	32	6	2	3	3	3	5	3	6	0.508439855835691
156	16	26	6	38	10	20	16	2	2	2	4	6	7	3	0.5227741801546423
157	16	16	32	4	30	34	14	3	2	3	4	4	4	7	0.5197533403797862
158	10	10	38	38	24	38	32	2	2	4	4	7	7	2	0.48710176131837407
159	34	38	6	18	16	28	20	2	3	3	8	4	3	4	0.5141881532307928
160	32	8	14	8	16	24	2	4	3	3	3	6	5	7	0.4651346911174296
161	36	20	38	20	26	12	12	3	2	6	3	5	8	7	0.4697184105024576
162	8	32	38	12	28	4	6	3	3	2	2	8	8	5	0.5104557028185768
163	16	6	30	38	4	4	14	2	2	2	7	3	4	6	0.47100356857636005
164	38	16	40	4	40	18	14	3	3	2	7	7	7	6	0.5137890501051694
165	4	34	18	38	30	38	24	3	2	3	2	7	3	6	0.5028060272868495
166	16	30	8	8	12	10	34	6	3	3	3	8	3	3	0.45015149969158574
167	30	24	26	4	36	34	18	4	2	4	5	6	8	7	0.5142782025599228
168	28	32	16	36	22	10	26	4	3	2	3	4	2	3	0.4994264455474421
169	20	12	20	28	26	24	34	3	2	3	7	8	3	2	0.521275269828212
170	26	30	24	32	28	28	8	2	3	2	2	8	3	6	0.5134465186780353
171	14	24	20	22	16	40	30	2	2	4	4	5	2	6	0.4879806892654499
172	22	4	28	18	14	2	34	2	2	2	4	8	6	4	0.5230110087246003
173	32	18	38	12	28	6	14	2	4	3	4	7	6	2	0.4992085545073033
174	8	10	4	2	40	36	28	4	2	3	8	2	5	7	0.5023880924352433
175	24	2	12	24	8	10	30	3	3	2	3	8	4	3	0.5030347376110721
176	32	6	10	30	6	18	16	2	2	2	4	6	3	4	0.5237724216935045
177	34	28	2	28	12	8	4	6	2	2	6	4	5	7	0.5000704671654643
178	16	38	38	22	32	26	32	3	2	2	3	3	8	6	0.5277236732885058
179	38	38	12	28	6	4	8	3	2	2	5	3	8	7	0.498168110820495
180	26	34	22	12	28	30	10	3	2	3	5	4	5	3	0.5245640266035835
181	26	8	4	34	12	30	16	7	2	3	4	7	7	4	0.4882091751700756
182	34	12	38	12	28	2	18	3	3	5	5	6	5	5	0.5045024859640388
183	2	24	14	36	32	28	20	8	2	3	3	6	2	2	0.4941654604327389
184	20	38	14	38	24	18	20	5	2	5	3	7	3	5	0.5036277803956488
185	36	36	10	32	38	8	12	2	3	2	4	3	5	5	0.514630021487775
186	28	30	34	10	22	28	14	2	2	2	2	7	2	4	0.5264497795444942
187	8	28	18	32	12	18	26	3	3	3	8	3	6	5	0.49698363538616863
188	32	8	28	2	40	30	24	2	3	4	8	3	3	3	0.5116899604002062
189	28	28	14	8	14	24	14	3	2	4	2	7	2	3	0.5244446568644809
190	38	4	30	22	22	36	10	2	2	5	6	6	8	4	0.5237026346877115
191	26	34	12	22	28	32	32	5	5	7	6	4	5	8	0.35936508784960597
192	12	20	30	8	12	14	16	3	3	2	5	8	7	6	0.4945473041382256
193	32	24	26	32	10	6	34	3	3	2	7	7	3	2	0.5151071735055522
194	34	34	36	38	18	38	38	4	3	5	2	6	5	7	0.4455931786773687
195	34	20	36	10	8	6	40	3	4	2	3	7	7	2	0.49533155823459984
196	16	34	30	20	28	6	20	2	2	4	7	6	3	4	0.5233439448465391
197	10	24	18	20	34	6	36	2	2	2	3	6	6	5	0.525597571364199
198	8	38	16	22	4	26	32	4	2	3	8	4	5	5	0.5104479942848756
199	40	30	10	28	34	20	10	3	3	3	5	8	6	5	0.5060491934079485
200	24	12	38	28	28	34	18	2	2	3	5	7	3	8	0.5236046240556205
201	38	2	24	14	38	8	30	3	2	2	3	4	5	7	0.5022365130767692
202	26	22	36	34	6	22	22	3	3	3	6	4	5	7	0.48656265917348546
203	30	34	10	20	34	36	16	3	2	3	6	7	3	7	0.5251950463734963
204	26	6	34	14	40	4	26	3	2	3	3	7	6	8	0.48714610642488104
205	36	18	18	18	36	24	30	2	2	3	7	5	5	4	0.5087856453359914
206	24	26	38	4	32	12	2	2	2	5	7	5	7	3	0.5257040080925518
207	6	38	6	18	16	6	12	3	3	3	3	7	8	6	0.4802103933172017
208	32	16	32	36	10	4	40	2	2	4	7	6	7	6	0.5244489302819768
209	6	20	4	38	32	14	36	3	2	2	5	3	4	6	0.5206493189992755
210	30	38	24	16	8	14	32	3	3	3	7	3	6	5	0.5091079221221798
211	30	28	10	34	26	2	26	4	2	3	6	4	3	5	0.5145718199914513
212	38	20	38	22	24	30	24	4	4	2	5	6	6	4	0.47155206471559347
213	30	24	22	26	22	30	4	4	2	3	6	7	6	7	0.51407037913111
214	34	2	36	32	20	8	12	2	2	3	6	5	3	5	0.5122528682408275
215	24	4	24	10	18	6	38	3	2	2	6	2	6	6	0.5204179378569395
216	38	30	22	38	38	4	4	3	2	3	3	7	7	2	0.4877849683423001
217	6	6	14	32	28	12	2	2	2	2	5	3	2	4	0.4974334426079213
218	32	26	30	40	18	16	24	3	3	2	6	3	6	4	0.5056674348571986
219	34	18	6	32	36	12	2	2	3	3	7	3	4	6	0.5124799842355043
220	36	16	38	4	18	4	22	3	2	6	2	3	3	3	0.47041209270631934
221	36	16	18	4	2	18	6	5	2	3	3	8	8	5	0.5031742583593739
222	38	26	30	8	20	36	4	2	7	3	5	5	7	5	0.41652323547395287
223	24	26	34	24	38	26	38	2	3	3	6	5	7	8	0.51367054022027
224	24	12	4	34	16	32	12	4	6	5	5	5	3	8	0.3481420750367627
225	40	38	6	40	16	28	2	3	2	3	8	6	6	3	0.458221055466332
226	2	36	30	38	26	20	34	3	2	4	7	7	5	5	0.4941333748483821
227	28	28	14	6	38	28	4	2	3	4	3	5	5	5	0.513042546375441
228	32	34	34	22	32	6	34	3	4	3	5	3	5	7	0.49038319399340374
229	26	36	22	14	8	34	8	5	3	3	4	5	8	4	0.4796780571387867
230	34	12	18	8	16	32	2	3	2	2	6	3	3	2	0.4881632523855404
231	16	36	12	4	14	10	20	2	2	3	6	6	5	3	0.4217074491775564
232	22	16	38	26	8	4	14	5	2	2	7	8	6	7	0.5055366519866805
233	36	28	28	6	36	8	34	3	3	4	7	2	5	7	0.4728142625851513
234	30	34	34	10	36	24	28	2	2	2	5	6	6	7	0.526204201308578
235	20	40	40	24	34	24	4	2	4	2	4	6	4	3	0.4961457116415562
236	10	34	22	24	8	38	26	2	3	3	4	6	2	4	0.5055542219774005
237	8	22	14	8	18	28	22	2	2	3	7	2	2	8	0.5201974322717773
238	36	10	24	4	32	28	2	2	2	4	2	3	5	3	0.5248819827319923
239	30	12	38	24	16	36	36	2	3	3	8	7	7	7	0.4921797799975944
240	38	20	30	12	10	10	22	3	2	2	8	7	4	5	0.5288365764757404
241	30	4	36	4	10	26	10	2	3	3	7	5	5	3	0.4967360091107197
242	26	32	8	24	28	14	6	3	2	3	5	5	5	5	0.524141983941091
243	36	16	40	4	34	14	4	3	2	7	6	2	6	2	0.5233875256287547
244	36	36	22	2	20	16	12	4	2	2	2	3	5	3	0.5210551508817756
245	38	34	28	8	40	12	36	3	2	3	3	3	6	5	0.5040077065660119
246	20	12	16	10	12	12	34	3	2	3	7	6	8	4	0.5211363629804857
247	36	6	28	12	40	40	26	3	2	4	3	3	3	3	0.5216873983425655
248	38	36	12	4	36	28	34	3	3	2	4	7	3	2	0.49380137575521144
249	16	30	10	18	14	14	38	2	2	3	4	6	7	5	0.5229408877311851
250	8	36	36	2	12	28	2	3	2	3	6	4	7	7	0.5174211205343571
251	36	30	20	34	14	40	38	4	2	2	6	6	4	4	0.49117466103154567
252	4	10	36	6	30	26	26	3	3	2	5	5	5	7	0.5109019734124325
253	22	28	34	40	24	12	10	3	3	6	7	7	3	4	0.5037184131382975
254	36	2	32	18	12	6	26	4	4	3	5	3	3	5	0.4565407587924194
255	8	4	10	26	32	8	28	3	3	3	5	4	5	7	0.4701468574953778
256	6	14	14	26	18	12	32	2	2	3	7	2	4	7	0.5202542575427909
257	38	36	38	8	14	2	18	3	2	2	4	6	5	5	0.529635472923387
258	16	38	8	12	14	10	32	3	2	3	6	7	4	5	0.49458354767917306
259	22	32	20	6	30	36	32	2	2	3	5	5	8	2	0.525677947256108
260	26	24	36	38	16	4	6	3	2	4	7	8	3	3	0.5244106457597826
261	34	38	8	26	12	16	4	2	3	2	3	6	4	5	0.5193864476635492
262	30	26	38	6	24	34	36	3	2	3	3	4	7	6	0.5079863500801767
263	6	30	4	36	22	34	30	2	3	2	6	6	6	4	0.5086829065911367
264	12	16	26	24	10	8	28	2	2	3	3	8	4	6	0.5023864313455744
265	38	34	16	18	36	6	14	5	2	4	3	7	5	6	0.4774297159890333
266	6	22	38	8	12	10	6	4	3	3	7	4	3	7	0.47295636853430334
267	4	4	40	28	36	4	36	6	2	4	6	8	2	7	0.4522360202440619
268	8	4	36	36	26	4	26	3	4	5	2	3	5	7	0.459732227493072
269	30	8	28	26	10	24	30	2	4	2	8	7	7	8	0.5046572486502637
270	18	34	32	18	40	16	36	3	5	4	5	5	3	6	0.4096576351839209
271	38	14	36	36	34	12	16	5	3	3	8	3	3	4	0.48037158158514814
272	26	38	36	36	40	16	10	4	3	2	4	3	8	8	0.49955084307223463
273	2	8	28	30	36	10	2	5	2	3	3	5	3	3	0.5055119190267923
274	26	28	40	4	14	24	18	4	2	7	5	4	8	3	0.5129239666597161
275	40	36	38	20	14	10	34	3	2	3	5	5	2	4	0.47447137845458454
276	6	10	32	36	20	40	22	2	3	2	2	2	6	7	0.4976814364811847
277	38	12	16	28	6	8	12	2	2	3	3	7	4	5	0.5073450554070315
278	38	34	28	18	40	14	30	2	3	2	4	8	7	4	0.5221397109774217
279	22	30	30	18	2	6	28	4	3	2	6	5	5	4	0.49807297685716656
280	26	32	26	24	26	40	36	2	2	2	7	7	7	6	0.5287118557060556
281	8	28	6	4	2	2	30	2	3	4	3	3	5	2	0.5048142961609958
282	32	6	8	8	36	14	24	3	2	2	6	7	4	6	0.5273407835117498
283	8	4	14	6	14	28	38	3	2	3	4	5	3	6	0.492743526538477
284	22	6	22	36	16	8	20	2	3	3	2	3	2	4	0.508439855835691
285	14	6	8	16	26	4	22	3	3	3	4	7	3	8	0.4861966062813195
286	22	18	2	38	30	20	38	3	8	5	2	6	6	5	0.4324300540763563
287	2	8	40	14	8	34	30	4	2	4	2	2	5	6	0.4897620152555428
288	24	18	20	38	14	18	14	2	2	3	6	8	4	3	0.5046338928585944
289	16	12	6	34	8	4	28	5	8	4	4	5	4	3	0.34628837739855456
290	22	36	4	30	32	34	14	4	2	4	8	6	5	3	0.5139616551093475
291	14	30	32	34	32	2	32	3	2	2	7	3	8	5	0.5180468117409547
292	18	20	18	38	14	20	2	3	2	2	2	4	7	8	0.5262232462058004
293	38	24	30	12	28	20	28	2	2	4	2	2	6	2	0.5245007308898155
294	34	24	8	34	14	18	12	8	4	7	6	4	7	4	0.3709548969754807
295	38	28	36	32	18	12	14	2	4	3	4	4	4	8	0.500733402783921
296	24	22	10	26	12	26	30	2	3	3	7	8	2	7	0.514112786637497
297	38	36	28	8	18	22	24	2	2	3	7	3	2	5	0.5250213901542141
298	4	30	30	12	6	4	16	3	2	2	6	4	3	6	0.5278063804168129
299	10	30	28	8	30	34	28	2	3	3	6	4	7	6	0.5050820729782255
300	20	38	12	30	28	34	6	2	3	2	3	4	7	5	0.5198460922535567
301	18	18	14	28	26	28	30	2	2	4	5	4	7	8	0.489877831868456
302	18	16	4	16	26	20	26	3	2	3	7	4	7	3	0.5205016408679206
303	22	38	12	34	16	12	30	3	2	3	6	5	2	2	0.5006063224439029
304	30	16	30	16	8	16	26	3	4	3	4	3	5	5	0.4653763361698706
305	2	32	16	10	14	24	16	3	4	3	4	6	6	7	0.49148702054674864
306	16	28	34	20	22	6	30	2	3	3	4	6	4	5	0.4969590337229611
307	38	20	38	8	34	16	20	5	2	3	2	6	7	3	0.5038034730793476
308	24	24	6	30	26	4	38	3	3	3	3	5	6	7	0.5043241109917085
309	38	30	30	20	4	24	40	3	3	4	6	8	3	4	0.4722964398581533
310	28	22	20	14	32	8	24	2	2	3	3	5	3	6	0.5257053333476428
311	36	30	34	28	32	10	16	7	2	2	3	3	6	4	0.4929121560744608
312	36	4	14	26	12	12	18	3	3	2	6	4	5	8	0.5105822766262684
313	32	30	34	10	36	6	36	2	2	4	3	6	3	6	0.5255861689399531
314	18	32	14	10	4	18	16	4	2	2	6	7	3	5	0.5106629395008841
315	28	40	16	24	18	6	18	2	2	5	6	7	7	5	0.4765752164090402
316	34	24	32	20	6	26	6	2	3	2	4	7	3	4	0.5141994611283719
317	32	20	6	34	6	24	12	3	2	2	6	4	4	4	0.4940019150803619
318	38	10	22	20	36	24	34	3	4	3	4	7	4	4	0.4895215405106008
319	36	28	6	34	14	14	22	3	2	3	3	7	7	7	0.5239992772465816
320	34	40	34	6	36	38	16	2	3	3	5	4	5	5	0.4988941028809602
321	34	18	24	10	6	34	22	2	2	2	3	7	6	3	0.5084956769007879
322	38	32	30	20	28	30	28	3	2	2	4	6	4	4	0.5232025151025231
323	6	20	18	34	30	2	24	3	2	3	3	6	4	2	0.5015160059095121
324	16	20	10	4	6	28	22	3	2	2	4	8	7	4	0.5250977267711823
325	38	24	40	26	16	30	40	2	3	3	6	4	7	5	0.5138425253206038
326	18	40	6	24	34	4	22	3	3	3	3	6	7	4	0.5017638119779966
327	30	18	4	6	26	8	32	2	2	2	4	7	6	6	0.5254743776062225
328	38	40	4	20	16	28	20	2	3	5	6	8	3	2	0.5132388920739507
329	38	30	24	38	18	30	24	3	3	2	3	3	2	8	0.49772055947333566
330	34	28	36	30	4	2	22	2	2	3	8	3	7	6	0.5250702881104309
331	22	24	40	16	28	12	4	3	2	4	4	3	8	3	0.5226858687854742
332	32	22	24	10	8	8	34	4	3	2	2	5	7	4	0.491043948934991
333	22	18	14	30	6	16	40	2	2	2	3	7	2	6	0.5247192216292783
334	32	30	22	38	6	4	26	2	3	2	7	6	8	3	0.5139537220883252
335	28	4	26	4	40	20	30	3	2	3	5	7	2	8	0.5031388913910505
336	36	28	12	32	26	36	38	4	3	2	6	5	6	8	0.4983978571600475
337	38	20	38	10	4	14	14	2	2	2	5	2	6	2	0.4871743818394985
338	14	22	14	12	12	20	6	2	2	2	3	3	6	3	0.522383560994522
339	28	22	22	22	24	18	10	3	2	2	3	3	5	6	0.5293104757414164
340	34	16	28	20	28	4	20	2	2	3	5	3	5	2	0.5092734476736438
341	18	18	34	28	6	22	28	2	2	3	7	2	2	7	0.5234935322108307
342	4	34	16	20	30	6	34	3	3	2	4	7	5	4	0.5047435669479915
343	24	24	14	22	22	12	20	2	2	3	8	5	7	8	0.5253930735477648
344	34	8	4	28	36	30	30	2	3	2	8	4	5	3	0.5109476964721065
345	16	38	20	6	26	8	34	6	2	3	4	8	6	7	0.4941413151061109
346	12	26	24	6	26	24	4	4	2	2	6	5	6	5	0.5171480327685356
347	14	24	34	12	34	14	38	4	2	2	7	4	4	7	0.5164272416417615
348	34	28	40	32	2	6	4	3	3	2	5	2	8	8	0.5145490325787629
349	34	24	18	12	38	18	12	5	2	2	2	5	6	7	0.5073887734764271
350	32	36	28	26	26	26	32	2	2	2	3	8	8	6	0.5257771590810716
351	16	34	16	38	40	10	4	3	3	4	4	7	6	5	0.49893157143639655
352	28	40	20	16	14	6	28	2	3	3	7	7	7	3	0.5151012889792201
353	40	30	12	24	4	40	4	2	3	3	6	3	8	5	0.49683430643280185
354	8	22	32	6	12	30	26	3	3	2	6	2	5	2	0.495601894314524
355	38	22	6	38	24	26	30	2	2	5	7	7	2	6	0.4760236385141452
356	38	24	8	2	12	30	30	2	3	3	7	6	3	6	0.4925101166538916
357	38	32	4	32	34	24	38	3	3	2	6	4	7	4	0.48393883073670896
358	10	34	30	18	4	24	28	4	3	4	7	2	8	8	0.457302576774088
359	32	30	14	36	38	10	14	3	3	2	3	5	7	5	0.5144306954275466
360	22	20	14	2	16	4	30	3	2	5	4	8	7	2	0.5219900425412995
361	28	18	10	12	6	10	6	2	2	5	7	6	7	3	0.524769284440826
362	16	6	28	16	26	36	40	2	2	3	4	4	5	7	0.4725021199563391
363	22	8	18	20	10	38	14	3	2	4	5	2	2	8	0.4847852285570088
364	4	28	32	6	28	26	24	3	3	4	8	4	4	5	0.47026557196600927
365	18	24	28	38	14	18	22	3	3	2	5	6	6	8	0.49895805908005286
366	32	16	12	10	22	14	26	5	3	2	6	8	5	6	0.4850373610013214
367	36	36	20	14	18	28	22	3	2	2	3	5	7	4	0.5240944822350398
368	30	26	38	26	22	32	10	4	3	3	7	6	4	5	0.47317439776496806
369	20	28	14	32	12	40	6	2	2	2	4	2	6	3	0.5252683009103983
370	10	24	4	4	32	26	22	3	2	2	6	2	5	5	0.5204627914944358
371	32	14	12	18	18	34	10	4	2	3	3	3	4	4	0.5112067803271455
372	38	26	30	26	36	36	24	3	2	2	4	8	7	2	0.5294114862294593
373	28	14	24	18	32	34	26	3	3	2	4	7	2	5	0.5034274934403556
374	36	30	12	22	20	38	10	5	3	2	8	7	7	5	0.4800802295012401
375	40	30	4	8	14	30	30	3	2	3	7	4	5	2	0.5073338089251176
376	34	36	16	26	20	36	36	2	2	4	4	5	7	4	0.49033122633131104
377	4	14	26	30	30	30	4	3	2	2	6	2	5	6	0.49198865030058264
378	22	32	28	24	2	4	16	3	3	3	2	7	4	5	0.48579668978936347
379	20	36	22	14	10	2	34	2	2	3	2	5	7	3	0.5244879749934176
380	16	32	18	20	4	38	18	3	2	2	7	6	3	8	0.5201120345144746
381	24	14	8	6	18	6	38	3	2	2	4	2	5	6	0.5256839821181852
382	24	32	30	36	8	12	10	2	3	2	2	7	2	4	0.5145698603283034
383	22	36	8	2	30	30	40	3	2	3	8	4	3	8	0.5227797471780746
384	36	34	18	26	12	4	32	3	3	4	2	7	7	5	0.5072652510352076
385	34	4	26	2	6	10	24	3	6	3	2	4	2	2	0.4597202888732196
386	28	38	6	26	22	26	34	3	3	3	4	5	5	5	0.5063847748383236
387	20	12	26	28	28	26	2	3	3	3	5	4	5	3	0.5024781231050016
388	30	30	22	20	34	30	36	2	2	2	7	7	4	5	0.5286332030265937
389	36	24	10	32	34	26	28	2	4	2	5	2	5	4	0.5006557161704992
390	40	26	22	16	22	28	28	2	3	3	7	7	6	5	0.5137296112961705
391	22	10	36	24	38	18	36	4	2	2	6	5	8	8	0.5193661645032618
392	4	28	10	6	24	22	34	3	3	4	5	6	4	4	0.43152043863729417
393	26	28	24	24	20	14	2	3	3	2	3	7	7	4	0.5171427832384783
394	26	30	36	30	34	14	24	2	2	3	4	2	2	2	0.4792379724058511
395	34	22	34	16	16	38	12	3	3	3	7	5	2	7	0.5049724190586004
396	8	32	36	28	26	38	4	2	2	3	2	3	2	3	0.508182281036533
397	26	32	14	10	16	16	2	2	3	2	3	7	5	7	0.5128127654810019
398	34	36	28	32	2	10	34	5	2	2	7	5	8	5	0.5043701588531107
399	40	22	40	8	8	22	36	2	2	5	3	4	4	3	0.524836889494216
400	14	4	36	40	28	26	28	2	3	4	4	6	3	3	0.4970415407360837
401	32	20	10	38	38	8	28	3	3	2	2	6	5	6	0.5127985285271975
402	6	36	28	28	12	4	40	7	2	3	6	4	3	8	0.47816493609910776
403	30	2	20	16	12	34	18	2	3	3	4	7	7	7	0.5125415908882799
404	8	30	38	8	26	32	26	3	2	4	6	5	8	4	0.5162747752731016
405	22	30	10	38	6	16	34	2	2	3	8	5	5	2	0.525100262359267
406	4	28	4	8	38	40	4	2	2	4	8	5	6	5	0.5220846114133262
407	8	26	10	18	20	34	26	2	4	3	5	6	3	5	0.4916122246646471
408	22	34	32	10	40	24	20	2	2	2	5	2	5	7	0.48476264996446095
409	6	34	28	36	34	20	38	2	4	3	2	8	3	4	0.4942274735026305
410	28	38	26	12	30	30	30	3	3	3	4	3	5	5	0.4855744199848258
411	12	2	24	12	30	4	12	4	3	3	2	7	2	3	0.475435821993602
412	24	24	16	36	8	36	12	3	2	3	5	7	3	6	0.5229640566351837
413	20	28	38	4	6	34	16	4	2	3	3	4	8	2	0.510027496530435
414	16	6	4	32	12	14	8	2	3	2	6	5	5	2	0.5011321887256375
415	14	28	14	24	28	38	38	4	2	2	4	2	5	5	0.50622003899085
416	20	4	20	4	2	8	24	2	2	2	6	3	7	2	0.5259707688409785
417	6	40	26	32	14	34	38	4	3	3	3	4	5	4	0.4890386020681599
418	32	28	8	2	32	4	24	2	2	6	6	4	2	2	0.5259797849640853
419	36	12	4	20	38	6	18	2	3	2	4	3	6	5	0.5171113959149022
420	24	12	40	8	12	38	40	6	2	4	2	6	6	3	0.47047486804159266
421	38	16	38	40	10	14	24	3	2	2	3	7	6	4	0.5295776224627261
422	22	28	34	30	16	32	30	2	2	3	8	5	6	5	0.5069725517904065
423	16	38	14	20	2	12	34	2	2	4	7	4	5	6	0.48761184294476184
424	28	38	16	32	12	14	6	2	4	4	6	8	4	2	0.499631728021771
425	22	24	34	14	8	12	6	2	3	2	4	7	7	5	0.5124824191034624
426	10	34	24	30	38	32	24	2	3	2	8	7	5	2	0.5052347416756474
427	34	28	38	24	18	8	40	3	3	2	2	3	4	8	0.5148510176159682
428	36	34	40	18	24	14	38	5	2	2	7	4	3	7	0.5052323245127192
429	2	18	34	36	34	12	16	2	2	4	7	2	4	4	0.5224642242505886
430	20	34	6	12	12	6	38	3	2	2	5	8	3	2	0.5255932144236415
431	14	32	16	34	12	2	8	2	2	3	3	7	8	6	0.5216865861288841
432	38	6	18	4	8	6	8	2	3	2	6	3	5	4	0.5173716148787819
433	38	10	26	36	14	34	4	4	2	2	6	3	8	4	0.5189622236716751
434	20	6	20	20	24	18	14	4	2	2	6	5	6	7	0.5070551328651594
435	32	18	6	14	38	12	22	2	2	3	7	4	2	6	0.5042178054541417
436	12	36	16	8	26	38	28	3	2	3	5	6	4	5	0.5007368369255203
437	30	22	18	22	20	6	6	3	3	3	4	8	2	5	0.5070330337316321
438	30	24	30	32	26	36	12	5	2	5	6	2	6	2	0.5037847064142853
439	38	14	22	22	36	28	32	7	4	4	4	4	6	5	0.40386205256456914
440	28	12	38	10	6	28	30	3	3	4	5	3	4	3	0.430505499837316
441	34	26	36	28	22	18	36	4	2	2	2	7	3	8	0.5123913051895493
442	22	36	18	14	6	40	18	3	3	2	5	5	5	7	0.5053715515063905
443	14	24	32	40	6	38	24	2	2	2	5	7	6	2	0.5265292237033284
444	6	26	22	12	8	32	36	3	2	2	8	4	7	4	0.5188953423116427
445	32	28	12	36	38	36	34	3	4	3	6	7	7	8	0.4636791468266448
446	4	30	6	40	6	14	34	3	2	4	3	4	6	3	0.4704298080853657
447	8	20	22	10	34	34	14	2	2	2	5	5	2	4	0.4851573406181664
448	14	32	34	28	40	22	24	2	2	2	3	6	6	8	0.5106501643081853
449	32	14	20	20	20	12	34	3	3	2	6	6	6	6	0.5131677550148842
450	40	16	24	20	36	8	24	2	2	4	4	3	5	3	0.5240302649288382
451	38	6	34	40	20	16	36	3	4	2	8	5	5	3	0.4873289168080219
452	2	40	14	8	6	24	8	3	3	2	4	5	6	6	0.509421298059193
453	26	10	8	16	36	28	10	4	3	4	5	5	4	3	0.48872613277349664
454	24	30	8	12	28	18	38	4	2	2	3	6	8	6	0.5103500591836753
455	36	20	26	2	40	38	18	2	2	4	3	6	4	2	0.5252880767628437
456	20	30	20	36	36	2	6	3	4	4	2	6	4	5	0.48444625896219
457	34	24	6	14	14	38	36	4	3	7	4	7	4	8	0.39315214894589834
458	10	38	10	6	34	34	28	3	4	4	2	6	7	6	0.4507656802304924
459	22	26	34	2	28	34	28	4	3	4	5	7	6	4	0.4289666795400204
460	18	18	18	30	12	18	38	3	3	3	4	7	3	3	0.4997910429775884
461	34	20	34	24	34	30	30	2	3	2	6	6	5	5	0.5217719695309271
462	28	34	10	20	6	20	36	3	2	2	8	5	8	2	0.5241558194191289
463	12	34	2	16	20	30	32	2	3	3	5	6	4	3	0.5073632016649937
464	34	22	22	16	24	26	16	3	3	2	7	8	5	7	0.5049724190586004
465	16	34	20	24	24	20	22	2	2	3	3	5	7	5	0.5033847634545325
466	36	40	26	18	14	18	4	2	4	3	5	3	8	8	0.4799524868094713
467	28	6	4	8	6	36	30	3	3	4	6	2	8	5	0.4667468321309192
468	38	32	8	8	34	32	20	3	2	3	3	6	3	6	0.4977463808115333
469	32	30	28	20	14	34	32	4	3	3	5	4	4	3	0.4464131478888903
470	40	32	20	32	28	14	10	2	2	4	6	8	3	3	0.5249976487147139
471	20	14	18	14	36	38	26	3	2	2	4	6	7	7	0.5214599225013411
472	36	30	6	10	24	8	24	4	3	2	3	4	5	3	0.49919754744437506
473	6	22	12	22	12	38	12	2	2	5	5	4	3	3	0.5206316216613691
474	24	32	16	4	22	32	16	3	3	2	8	5	7	5	0.5060483961379414
475	22	30	16	20	10	18	16	3	2	2	5	3	6	3	
476	36	16	32	20	10	16	32	2	2	4	6	6	7	2	0.5247996495318409
477	28	38	10	2	16	38	32	2	3	2	4	2	4	2	0.5132355544766446
478	22	32	6	28	4	16	6	3	4	2	4	8	7	7	0.4866067194178846
479	38	6	18	22	24	12	8	2	2	4	6	3	6	8	0.4356814449087978
480	24	36	36	2	34	28	4	5	3	2	6	6	6	4	0.4846255521781737
481	38	30	24	6	6	32	32	4	2	2	3	6	5	4	0.5126900400809675
482	10	36	4	2	4	18	20	3	2	2	3	5	7	4	0.5191206268033639
483	20	36	12	32	38	34	22	3	3	3	5	7	3	7	0.5038411961363867
484	8	22	18	10	18	2	4	4	2	2	5	8	6	2	0.5161289493914781
485	32	12	36	18	12	20	32	2	2	3	4	8	4	5	0.4454731809485324
486	32	38	32	12	6	32	24	3	2	2	3	7	6	4	0.5251796019479337
487	8	20	14	4	8	38	40	4	2	4	6	3	2	2	0.5051792033343909
488	30	28	18	36	6	32	2	2	2	2	4	3	7	6	0.5257350861008705
489	26	32	2	28	16	38	30	3	2	2	5	6	6	8	0.524141983941091
490	34	34	14	10	40	20	24	3	2	4	5	3	6	6	0.523277499693358
491	28	20	30	40	26	30	20	2	2	5	2	8	3	5	0.4804963508919802
492	30	4	36	30	28	6	32	2	2	2	7	5	5	6	0.5299188529795695
493	4	24	20	36	38	34	38	3	3	2	5	5	7	6	0.5112727122783549
494	38	16	22	24	34	18	8	2	2	3	4	5	4	6	0.4836276960288809
495	12	12	18	14	14	2	14	2	2	2	2	6	5	6	0.52286472551926
496	16	40	12	38	22	18	38	2	2	4	2	4	2	4	0.5227139906135289
497	30	32	14	22	32	6	18	3	2	3	5	7	2	4	0.524874763198057
498	26	20	14	24	16	32	20	3	2	4	4	5	5	4	0.5242952374955864
499	20	26	2	36	34	40	20	2	3	5	2	6	4	5	0.5116291359586383
500	6	38	6	8	6	24	12	3	2	2	4	6	6	5	0.5212956404479857
501	14	2	8	30	12	38	14	2	2	2	6	5	7	7	0.5161486009277924
502	36	32	18	36	2	20	38	3	2	2	7	5	5	8	0.5290366537148155
503	4	26	10	12	28	32	22	2	3	2	2	5	7	4	0.5098436719697953
504	18	30	10	22	10	30	10	5	2	2	5	4	5	5	0.49950074939625566
505	12	10	10	12	4	36	36	2	3	2	6	4	7	7	0.49738307999806886
506	38	6	26	14	10	2	10	4	2	5	7	8	3	2	0.4695616787932189
507	36	18	38	26	12	24	40	2	3	3	6	4	3	5	0.5133704884199685
508	6	40	16	8	12	38	14	5	2	3	4	3	3	6	0.49921106629943
509	30	22	14	14	40	18	8	3	2	2	7	4	3	2	0.5241412027769841
510	28	28	38	6	14	20	12	2	2	2	3	8	5	5	0.5260085335994611
511	38	16	22	30	10	8	8	2	4	2	8	7	4	7	0.507701548924677
512	34	14	20	30	4	10	34	2	3	2	3	4	7	3	0.5134583442187833
513	38	26	24	14	18	24	14	2	3	3	3	5	5	5	0.5127124506679694
514	24	8	30	2	26	36	38	2	5	3	4	7	7	6	0.4609332761276236
515	26	16	12	10	28	36	40	2	2	2	3	6	7	5	0.5269091652584698
516	30	24	14	18	30	22	32	2	2	2	5	6	4	5	0.5273717836406296
517	26	12	18	34	34	4	10	2	4	2	3	6	8	4	0.4974159012932037
518	20	36	32	32	36	24	6	3	2	3	4	6	5	3	0.5033719579315359
519	10	4	14	28	36	34	38	3	2	2	8	7	2	5	0.49956100150459865
520	30	10	34	22	22	26	10	3	2	2	8	2	3	7	0.5290635013966035
521	36	22	6	10	12	16	24	2	2	2	7	3	5	6	0.5274125133252623
522	8	4	4	32	22	14	16	3	2	2	3	6	6	8	0.5039288687816242
523	2	32	30	40	24	18	16	4	2	3	4	4	6	7	0.5189571653873064
524	36	6	22	40	32	32	4	3	4	2	5	8	7	6	0.47517654879521776
525	14	26	40	4	24	36	28	2	2	4	7	8	7	4	0.5224455913075734
526	28	16	32	10	6	40	22	3	2	5	5	3	3	3	0.523346940785664
527	32	12	24	36	36	26	24	3	2	2	4	7	3	8	0.5071195714784883
528	12	28	26	18	32	18	12	3	2	2	8	4	7	7	0.5159174284162663
529	34	12	38	12	26	40	20	3	2	3	3	5	4	2	0.5225588207846854
530	30	34	12	10	12	36	28	2	2	2	2	8	3	3	0.526204201308578
531	40	2	30	20	18	40	14	3	3	3	5	7	6	4	0.487811971149307
532	32	16	24	22	12	40	40	2	3	2	6	3	4	7	0.5123847105377289
533	36	8	14	14	2	4	40	3	2	4	7	2	7	3	0.521681228284356
534	8	14	30	10	30	36	36	2	2	2	4	5	3	6	0.5263936682656091
535	22	6	34	40	26	30	14	2	3	3	4	3	4	3	0.508439855835691
536	40	36	22	30	26	14	14	3	2	3	2	4	4	5	0.5022459003371957
537	10	30	14	32	36	24	32	2	3	2	4	4	5	8	0.4913495452216448
538	36	34	36	34	16	14	20	3	3	3	5	5	5	3	0.4879522843792139
539	40	14	32	8	18	10	24	2	3	2	3	7	2	2	0.5205561240614949
540	36	38	18	22	16	2	6	2	3	4	4	7	5	6	0.513463860693215
541	40	20	18	22	10	22	26	3	2	3	2	6	4	6	0.5229091574015565
542	14	32	34	4	38	24	8	5	2	3	3	4	3	4	0.48592945809092986
543	24	34	18	28	24	34	38	3	2	2	3	2	3	7	0.5287065072360524
544	38	36	10	38	40	32	32	2	2	2	2	7	7	7	0.5259179982725994
545	38	18	22	2	32	10	38	5	2	2	6	7	3	6	0.5038684087228814
546	38	12	34	40	32	36	4	3	2	3	3	5	2	2	0.5056532672618858
547	38	38	38	30	12	18	36	5	2	2	5	3	8	6	0.5067441331434104
548	12	28	4	36	18	36	38	2	2	2	5	2	5	5	0.5213850876776035
549	38	20	2	16	8	4	10	3	3	2	8	8	7	8	0.5109168686297204
550	34	28	12	32	16	20	14	2	3	2	2	2	6	3	0.5191231683017814
551	32	8	34	20	38	28	28	2	3	4	3	4	7	4	0.5114768880855493
552	28	22	40	12	26	40	10	4	2	2	5	4	7	3	0.490100591373859
553	32	16	6	26	26	2	16	2	3	2	2	4	6	8	0.5123919867985857
554	36	40	34	30	40	38	4	2	3	3	3	6	6	6	0.496667701957727
555	38	18	4	32	32	34	18	3	4	2	2	5	5	4	0.4902739962467805
556	30	28	10	32	4	16	28	3	2	3	2	7	4	6	0.5027981153281473
557	22	28	12	16	22	38	14	2	3	2	2	2	3	2	0.5191945295434762
558	26	10	38	8	14	32	28	4	2	2	5	8	4	3	0.5185912761912294
559	12	36	14	36	4	24	28	2	3	4	6	6	6	3	0.5063646483987492
560	24	14	18	24	10	22	36	4	2	3	2	6	8	6	0.4904470603948928
561	38	4	26	8	10	30	32	2	2	2	4	3	4	5	0.5271516508620555
562	22	22	10	36	18	2	38	2	2	2	3	7	5	4	0.5268646125433881
563	20	4	10	32	2	8	38	2	3	2	3	3	4	4	0.5143687416807006
564	40	2	16	16	24	36	36	2	3	3	7	8	3	3	0.4932658375823709
565	22	22	14	40	30	32	14	2	2	2	6	7	2	3	0.5255079002500114
566	28	36	14	12	36	18	10	3	2	2	3	6	5	6	0.5292873345118777
567	8	30	38	2	14	10	16	2	2	2	5	3	3	4	0.5195006131964183
568	40	26	38	18	16	36	16	4	3	4	3	7	7	2	0.49358549272869606
569	2	10	16	16	24	38	16	3	2	3	8	2	5	3	0.5223530941035388
570	4	36	30	12	4	38	12	4	4	2	4	7	4	2	0.4639680646007078
571	4	26	4	6	26	30	8	2	2	3	6	4	6	3	0.5039087927516472
572	24	10	6	4	18	32	38	2	2	3	5	6	5	5	0.49942281982881265
573	12	22	38	22	20	38	30	2	3	2	4	4	2	5	0.5066762002953797
574	8	34	8	36	18	28	2	3	4	2	7	4	8	4	0.49022174768901766
575	16	8	32	16	6	26	26	3	2	2	5	2	6	8	0.525667474720013
576	32	32	16	10	36	14	4	2	2	2	4	4	4	2	0.4855885913412521
577	30	18	38	34	34	4	30	2	2	2	3	4	8	8	0.5296676683539315
578	8	4	18	20	34	18	12	3	2	3	3	3	3	6	0.4927157589861831
579	38	16	40	12	14	22	30	2	3	2	8	4	3	6	0.5213922744411493
580	22	22	30	8	16	38	24	2	2	3	7	7	5	4	0.5072271225299332
581	12	40	34	14	12	2	30	4	2	3	7	3	7	2	0.49692065388066287
582	6	30	2	38	38	34	32	3	3	2	4	5	3	3	0.5056453686766651
583	26	38	10	28	14	4	22	2	2	3	6	5	7	3	0.5057258804417932
584	24	12	26	8	18	28	24	4	3	2	7	6	7	2	0.4872672199687475
585	36	26	12	22	36	28	14	2	2	2	7	5	4	3	0.5257494757868525
586	26	18	30	36	4	38	22	2	3	2	5	5	4	7	0.5135719411170546
587	12	2	30	24	8	4	20	3	3	2	4	4	4	5	0.5034164432386631
588	18	38	22	36	22	18	24	3	3	2	4	7	2	4	0.501049931382941
589	32	32	34	2	28	32	34	4	2	2	5	7	7	5	0.5200559811272623
590	40	10	12	32	2	4	10	3	3	2	3	5	4	5	0.5107285858825956
591	36	34	38	22	24	28	2	3	3	4	7	6	7	3	0.47418157669635985
592	32	34	30	22	8	36	12	3	2	3	7	7	3	3	0.5250429327484376
593	30	8	30	28	4	22	8	2	3	3	3	6	4	5	0.5116763895198675
594	30	36	34	34	32	24	28	2	3	2	6	5	2	3	0.5229882073289137
595	20	36	24	32	16	38	28	3	3	4	8	7	3	3	0.5038411961363867
596	8	36	20	26	34	34	24	2	3	3	6	3	3	5	0.5069125735341505
597	28	30	36	30	6	30	6	5	3	2	7	7	4	7	0.4785499727572615
598	24	22	2	34	34	12	28	2	2	2	3	4	3	2	0.5246483792129679
599	34	24	22	14	4	28	24	4	2	2	8	7	7	4	0.4685667639382271
600	26	34	24	20	4	18	20	3	4	2	3	6	5	3	0.48929785584702934
601	38	8	28	34	30	26	34	3	2	4	7	5	4	8	0.4884899682514284
602	4	4	18	30	2	38	6	2	3	4	6	8	4	8	0.4694338439769875
603	16	38	4	8	18	28	24	2	3	3	7	8	4	4	0.5087135185122451
604	40	22	22	32	14	40	2	3	3	2	3	8	5	5	0.514681474670736
605	40	36	14	10	6	20	34	2	2	3	4	6	4	3	0.5255564721344229
606	6	34	32	22	12	10	30	5	2	3	4	3	3	3	0.4956372752667211
607	36	32	6	30	6	40	6	2	2	2	7	5	5	5	0.5268274101516561
608	22	22	34	18	40	14	6	3	2	3	2	3	7	2	0.5223236173674388
609	36	30	10	38	26	6	12	2	2	2	6	8	3	4	0.5280272213335453
610	8	32	24	6	6	22	32	3	2	2	7	3	4	3	0.5243867030147498
611	28	38	2	32	12	22	28	2	2	3	6	4	5	3	0.5119615141842955
612	20	4	6	32	12	22	22	2	3	3	8	8	6	2	0.5081200891882109
613	32	10	6	38	6	14	40	5	2	3	3	5	7	6	0.4826227927502889
614	30	22	30	22	36	36	22	4	2	2	6	8	4	3	0.5194196217540414
615	36	24	8	24	6	12	38	3	2	3	2	7	7	4	0.5019760625061416
616	26	30	12	20	2	38	36	2	3	2	6	3	3	6	0.478168209047445
617	14	18	18	14	12	28	24	4	3	3	2	7	3	5	0.4816792255332807
618	24	32	20	40	18	40	8	3	2	3	2	3	2	7	0.4999962008062409
619	6	18	30	36	14	16	40	2	2	2	8	8	6	6	0.5209174589846871
620	12	38	24	18	8	32	38	2	3	3	6	2	5	5	0.5084766859385054
621	32	16	10	18	32	14	18	2	2	2	4	4	6	5	0.5019021623583003
622	34	2	26	24	14	2	34	3	4	3	8	2	6	5	0.4704678532497467
623	4	38	6	30	2	18	18	3	2	2	4	6	4	3	0.5244780340478701
624	36	26	28	36	4	14	24	3	2	2	3	4	7	7	0.5299606636049903
625	20	32	20	30	6	18	28	3	2	2	8	7	5	7	0.5219817474468942
626	30	4	6	30	10	26	4	4	2	2	4	7	5	5	0.5099027399511942
627	28	26	32	14	12	36	26	3	3	2	4	3	4	4	0.5145053093863938
628	14	32	38	16	12	22	12	3	3	3	2	2	7	5	0.4879218095076336
629	34	26	10	36	38	34	2	2	3	2	5	7	6	7	0.5207386682474514
630	38	16	4	38	10	34	40	4	3	4	5	6	4	3	0.4922933043179534
631	36	22	10	4	32	38	22	3	2	3	3	8	8	6	0.5005955394378544
632	6	8	24	28	28	34	22	2	4	2	3	8	2	7	0.49911865387495374
633	8	10	8	22	10	18	26	2	2	2	7	4	8	4	0.5121592197837653
634	8	38	24	18	30	20	12	3	2	2	6	8	4	7	0.5179041470052437
635	22	38	32	2	20	36	20	3	3	3	7	4	6	6	0.5057816146075583
636	40	28	28	12	40	8	22	2	2	2	5	6	5	2	0.485205761760682
637	34	12	12	28	6	6	28	3	2	2	5	8	6	3	0.5273519584299559
638	2	18	28	24	26	16	6	2	2	2	6	3	4	6	0.5224642242505886
639	38	2	38	32	24	6	4	2	2	2	4	7	8	7	0.4713939127318196
640	6	10	6	18	18	2	18	2	2	2	8	8	8	6	0.46173836404206103
641	10	6	18	16	6	4	24	2	3	3	7	3	5	3	0.4309009270758109
642	20	38	36	2	32	10	34	7	2	2	6	7	4	2	0.4883085798014302
643	38	12	20	22	22	36	26	3	3	2	3	7	2	3	0.5117711585529019
644	40	18	16	38	30	22	2	3	4	2	5	7	4	4	0.48948521436595144
645	38	22	8	18	14	4	10	5	3	3	7	4	6	2	0.4817775648444551
646	26	8	38	2	6	10	38	2	3	4	6	3	3	2	0.4759434512544023
647	38	8	10	40	30	18	10	6	3	2	5	5	8	5	0.4674252980739124
648	34	18	16	18	34	8	16	4	3	2	2	4	5	4	0.4960308661076668
649	28	4	2	24	10	2	10	2	4	2	4	3	4	2	0.5010976510007232
650	16	24	18	4	20	34	4	4	2	3	5	3	4	4	0.4904339353968138
651	34	16	12	18	32	26	6	3	2	2	6	7	7	2	0.4908672315400757
652	22	26	26	38	28	22	8	2	3	2	5	6	4	8	0.513763190241697
653	36	40	16	30	24	10	14	3	3	3	6	4	4	2	0.5082061529652241
654	30	36	14	18	6	32	26	4	2	2	2	7	6	2	0.5179342204275997
655	32	18	38	30	38	26	6	2	3	2	4	7	3	4	0.4983567648140707
656	4	28	32	30	4	32	18	3	2	3	6	2	2	6	0.5196722845109034
657	28	8	8	2	30	8	2	4	2	3	4	4	5	3	0.5093478976977861
658	4	34	12	36	6	36	22	2	3	2	6	7	4	3	0.5100046294866187
659	36	22	24	38	6	40	20	3	3	2	8	6	6	5	0.5142890488974526
660	6	18	20	14	4	10	28	3	3	3	4	3	7	7	0.4981177849218989
661	12	18	26	32	8	20	8	2	3	2	7	5	5	3	0.4710126046637243
662	14	24	18	8	22	34	24	2	2	2	7	4	5	5	0.5253790105727265
663	22	30	20	24	10	2	12	2	3	3	5	6	5	2	0.5136311437963959
664	2	28	18	6	32	18	8	2	2	3	6	6	6	4	0.5216862927033484
665	32	18	14	38	8	14	14	2	2	2	2	6	7	6	0.5339671709278915
666	4	20	36	34	16	10	12	2	3	3	6	7	7	7	0.4962013149361985
667	12	6	6	4	10	38	38	2	2	3	3	5	3	5	0.484802655297935
668	38	32	20	28	22	40	10	2	2	3	6	6	7	2	0.5255666059089922
669	36	8	30	26	16	4	18	2	2	3	5	7	6	4	0.5248223314370418
670	12	12	36	18	6	14	38	3	2	3	7	5	4	4	0.5138894519411309
671	18	16	4	4	8	14	6	3	2	3	3	2	5	2	0.4912457583745474
672	4	16	6	6	8	16	12	2	3	3	5	7	4	3	0.5104512476028062
673	28	18	12	10	6	24	6	2	2	3	6	6	6	4	0.5058890395341997
674	12	16	24	38	6	20	20	2	2	3	4	5	7	7	0.5204579189199884
675	14	32	30	28	10	12	22	3	2	3	6	4	3	3	0.5024073475229561
676	4	28	32	24	14	6	20	2	2	3	7	4	3	4	0.5068484715736616
677	40	12	8	4	18	20	12	2	2	2	7	7	4	3	0.5252508585400859
678	8	12	2	8	30	24	22	3	3	3	3	6	2	3	0.4932157416750005
679	22	16	10	30	6	28	10	4	2	2	3	2	6	4	0.5180351860079135
680	6	20	32	16	20	36	2	4	3	3	6	2	6	2	0.4840277134948843
681	12	4	12	40	8	32	10	2	3	3	5	7	5	3	0.49261272701120856
682	32	34	22	10	16	38	24	5	3	2	3	4	7	5	0.4875498339585452
683	14	12	20	24	40	30	28	3	2	2	6	7	3	2	0.48970726057939895
684	8	8	10	18	36	38	10	4	3	2	4	6	6	6	0.4754482150969003
685	2	14	30	6	40	32	12	2	3	3	5	5	6	2	0.4975185896422857
686	28	22	32	32	36	34	12	2	2	2	4	6	4	4	0.5285213186073412
687	26	24	10	2	8	12	10	2	2	2	4	3	8	5	0.5263033590451284
688	10	14	24	34	36	16	4	3	2	2	2	3	8	5	0.5152102721139299
689	22	18	8	30	2	24	24	2	2	2	4	5	3	3	0.5011431207961187
690	16	6	36	10	4	18	2	4	3	2	3	3	8	4	0.47394711850138826
691	18	26	22	4	6	36	22	3	3	2	3	5	8	6	0.5010259191843873
692	8	6	10	10	10	14	36	2	2	3	2	3	6	2	0.5048412072155631
693	24	18	26	10	4	38	36	3	2	3	5	7	8	5	0.5237868330705674
694	14	6	18	30	4	18	38	3	4	2	4	2	6	2	0.4819828557596257
695	8	36	34	24	6	36	6	2	2	2	5	5	8	5	0.527943839590837
696	22	34	24	2	8	34	14	2	3	2	4	6	6	4	0.5123191577713376
697	38	4	20	18	10	28	4	3	2	2	5	3	8	3	0.5258354810363797
698	4	26	28	8	24	18	12	3	3	3	3	7	6	4	0.4709289686672147
699	8	16	12	32	18	24	12	3	2	2	2	5	6	3	0.5138258662005514
700	22	32	34	40	4	38	18	3	2	3	4	8	5	5	0.5230434602313359
701	32	2	30	14	14	24	26	3	2	2	4	8	8	4	0.5053105033100631
702	10	16	8	30	14	30	24	2	2	3	6	3	7	7	0.4976382170496487
703	26	14	28	30	6	12	10	2	3	2	7	6	8	2	0.519406280860079
704	6	14	30	24	10	26	12	6	2	3	3	3	7	6	0.4842577117977354
705	12	10	10	22	38	32	22	2	2	2	3	6	8	8	0.48509511606951367
706	6	38	2	34	24	40	18	2	2	3	5	4	5	7	0.5057076682848978
707	26	32	32	32	4	38	14	3	4	2	4	7	8	7	0.49411028803690393
708	40	16	12	32	34	40	38	5	3	2	6	7	7	4	0.47581247048131087
709	24	32	8	8	20	34	10	7	2	2	3	3	7	7	0.49035897402377365
710	4	36	30	12	22	38	28	3	2	4	4	4	6	3	0.5212721078361757
711	36	34	28	36	16	40	30	4	2	2	5	4	7	7	0.4948909625832684
712	28	14	16	32	2	20	36	2	2	2	4	6	2	2	0.5249463236565984
713	8	28	12	34	24	36	36	2	3	3	2	6	6	7	0.4896543953401626
714	32	16	22	38	32	28	6	2	3	2	4	5	8	7	0.519974594508468
715	12	12	36	36	38	34	36	3	2	2	5	7	7	4	0.4810680080777728
716	38	26	16	30	8	18	4	3	2	2	5	6	6	6	0.4997767052038342
717	26	10	16	8	14	36	30	2	5	2	6	4	6	3	0.4838193758110136
718	2	24	22	6	22	36	18	2	4	2	2	4	6	8	0.4988234452766559
719	2	4	12	10	30	20	34	3	2	2	5	2	8	5	0.50440906791184
720	4	4	10	14	12	30	34	3	2	2	3	7	7	5	0.5160261689317163
721	26	20	10	16	10	38	12	4	2	2	4	5	5	4	0.5179679777961745
722	18	18	24	6	14	40	28	2	2	2	4	4	4	4	0.527195187025198
723	24	8	22	32	26	26	36	2	2	2	3	5	5	4	0.5225624838766226
724	4	2	14	36	26	38	32	4	2	2	2	8	7	4	0.48260488643047394
725	2	10	22	36	12	20	34	3	3	2	2	4	6	6	0.5053167072021737
726	36	28	26	28	8	34	32	3	4	2	7	4	7	3	0.4963230918067659
727	32	34	12	40	18	32	36	3	2	2	5	4	6	6	0.524700462693575
728	8	30	30	6	22	20	28	2	2	2	3	2	8	5	0.5268022318340706
729	20	32	6	38	16	24	34	2	2	2	4	4	7	7	0.5250010845600814
730	20	10	10	12	38	30	8	3	3	2	4	5	4	2	0.5067917967573735
731	4	10	38	8	28	30	22	3	2	3	7	4	7	3	0.4523940508059848
732	18	4	4	24	24	38	36	2	2	2	8	5	7	4	0.5190870468585351
733	14	26	12	22	14	38	20	5	2	2	2	8	7	7	0.5050936636038036
734	40	12	10	38	4	32	6	3	3	3	2	3	7	3	0.4813994815815408
735	20	24	36	34	6	36	20	2	4	3	6	2	7	7	0.49841398123442054
736	2	10	22	26	40	26	12	3	2	3	4	6	3	4	0.5045602908231914
737	10	28	40	28	2	34	12	3	3	4	6	3	7	3	0.496389264755638
738	36	16	28	8	28	36	28	2	4	3	2	6	7	3	0.47441617585101814
739	36	40	32	38	16	30	2	2	3	3	4	7	6	4	0.4972014939608474
740	24	16	34	10	26	28	4	3	3	2	3	3	7	5	0.4991669074373979
741	28	10	22	34	36	34	38	2	2	4	3	7	7	6	0.5249112599591382
742	24	34	16	34	2	10	32	4	2	3	2	2	8	3	0.48925265730560086
743	8	32	12	38	34	22	30	3	2	3	6	4	7	3	0.4629481511212301
744	30	4	8	40	36	16	38	2	4	2	4	5	7	3	0.4860186918873974
745	8	38	14	32	20	38	16	2	2	2	3	7	7	2	0.47482084666844365
746	6	36	4	20	20	28	40	3	2	4	6	5	6	3	0.4377991517243273
747	12	6	14	30	30	22	38	3	3	2	3	6	7	3	0.48175146839404825
748	4	28	4	34	34	36	22	2	2	2	3	6	4	5	0.5219210729982204
749	14	36	26	8	24	38	40	3	2	2	2	6	7	3	0.5184834598144772
750	18	10	16	30	14	22	6	3	2	3	3	6	8	3	0.4949079558981049
751	10	30	4	18	30	36	6	3	4	2	3	2	8	3	0.48945262159584296
752	8	30	36	32	28	26	12	2	3	3	4	6	8	5	0.49684017808774594
753	8	28	14	38	26	18	36	2	2	5	7	2	8	4	0.4737947497296028
754	20	14	26	38	16	20	32	3	2	3	2	7	7	2	0.49294770624435685
755	20	30	16	24	12	40	4	4	3	2	4	5	7	2	0.4969755898169487
756	22	24	2	26	32	32	14	3	3	3	3	4	6	2	0.4685367061805857
757	28	34	16	32	26	36	34	4	2	3	6	2	7	3	0.5127999181447163
758	22	28	24	38	38	28	16	2	4	2	8	5	7	2	0.5044967642940782
759	2	20	32	28	36	38	20	3	4	5	4	8	8	3	0.4886292207065001
760	30	36	26	36	6	12	30	2	3	2	5	7	8	3	0.4895641280744268
761	20	16	10	10	40	36	2	2	3	4	4	3	8	5	0.4730700769740373
762	12	38	32	40	40	34	38	3	3	3	3	7	7	8	0.4840295541888676
763	10	4	20	22	34	18	40	3	2	3	6	3	7	2	0.4956204290923035
764	20	20	10	10	38	32	36	2	2	4	3	8	7	6	0.4891569565944551
765	16	6	4	12	32	28	34	4	2	2	3	5	7	3	0.5051252064683742
766	4	36	18	6	8	8	18	3	3	3	4	3	8	3	0.5042387464244038
767	12	36	34	20	22	34	38	2	2	4	7	4	8	3	0.5213129820634284
768	10	10	4	40	4	40	30	2	2	2	3	5	7	6	0.5157288855487812
769	4	8	30	40	8	24	34	2	5	5	3	2	4	4	0.4316294612298414
770	6	14	32	30	36	28	10	2	2	3	4	4	5	3	0.5061260236763061
771	6	20	38	30	8	28	26	5	2	3	2	5	7	3	0.4917382888557651
772	6	24	10	38	4	14	18	3	2	2	3	4	7	4	0.5238791842118385
773	4	24	2	32	8	28	14	4	4	3	5	3	5	5	0.47047499872185544
774	14	30	8	10	2	40	4	7	5	5	5	3	3	5	0.375072659840773
775	38	26	14	40	22	24	26	7	7	3	3	3	3	7	0.3949997664518661
776	24	14	10	16	10	30	34	7	7	8	2	5	2	6	0.30855735164167825
777	12	38	6	18	8	34	6	6	5	4	4	2	3	6	0.3999830781321974
778	2	28	16	34	30	4	14	6	8	3	8	6	6	5	0.3752311226488558
779	24	10	10	16	20	36	10	6	7	5	8	6	7	7	0.31610270611769714
780	34	26	26	34	30	10	20	8	7	4	6	4	4	6	0.35805543871544704
781	18	30	2	14	8	6	10	5	5	6	3	7	2	6	0.3527665738588985
782	40	40	40	40	40	40	40	2	2	2	2	2	2	2	0.5353408769149265
783	40	40	40	40	40	40	40	2	2	2	2	2	2	2	0.5353408769149265
784	40	40	40	40	40	40	40	2	2	2	2	2	2	2	0.5353408769149265
785	40	40	40	40	40	40	40	2	2	2	2	2	2	2	0.5353408769149265
786	40	40	40	40	40	40	40	2	2	2	2	2	2	2	0.5353408769149265
787	40	40	40	40	40	40	40	2	2	2	2	2	2	2	0.5353408769149265
788	40	40	40	40	40	40	40	2	2	2	2	2	2	2	0.5353408769149265
789	40	40	40	40	40	40	40	2	2	2	2	2	2	2	0.5350242708212137
790	40	40	40	40	40	40	40	2	2	2	2	2	2	2	0.5353408769149265
791	40	40	40	40	40	40	40	2	2	2	2	2	2	2	0.5353408769149265
792	40	40	40	40	40	40	40	2	2	2	2	2	2	2	0.5344933315813034
793	40	40	40	40	40	40	40	2	2	2	2	2	2	2	0.5344933315813034
794	34	2	30	16	32	28	18	7	4	4	4	4	5	2	0.3739006969064718
795	26	26	38	20	20	18	22	7	8	2	7	9	5	12	0.3105344570678551
796	28	18	18	20	28	28	36	3	2	1	3	8	8	7	0.5228818905259969
797	38	36	10	8	14	34	22	8	7	1	1	7	7	2	0.47879184108421147
798	36	24	28	14	32	40	28	2	1	2	2	11	12	13	0.525458815553527
799	34	8	6	14	14	2	30	9	15	12	8	9	2	9	0.1588281166709945
800	32	22	8	8	8	4	12	8	14	15	2	4	3	10	0.1601797440899189
801	34	6	12	10	22	34	30	4	5	3	4	13	9	6	0.5024345621323679
802	28	26	30	14	38	32	34	1	1	2	8	4	2	3	0.5206964040730334
803	20	12	30	34	28	40	28	3	6	8	2	11	15	5	0.3015023383591583
804	16	8	6	22	8	4	10	6	10	9	7	10	14	9	0.30686934272528626
805	24	28	14	32	30	20	8	1	9	2	3	7	2	4	0.5239670175051873
806	38	38	32	16	18	36	8	6	3	1	6	11	2	6	0.45920748615668217
807	30	8	30	28	34	36	6	7	5	2	6	6	8	11	0.4537649686667481
808	26	22	22	16	24	6	28	1	8	2	3	3	4	8	0.4362285658700441
809	18	26	12	20	34	32	36	5	5	3	4	8	2	9	0.3898500752673504
810	36	10	20	24	38	28	18	2	4	5	3	5	13	14	0.3705010750939904
811	34	26	32	8	32	36	16	5	3	2	5	6	15	1	0.4625071974274003
812	22	10	14	16	40	24	4	3	7	6	4	11	12	15	0.28198027840480244
813	32	36	16	16	12	28	24	10	15	10	3	14	3	8	0.4590031244750101
814	22	12	24	6	36	20	24	13	1	13	5	2	6	10	0.41048900968248553
815	30	26	2	6	26	8	38	14	3	6	9	13	10	9	0.30285255678800493
816	22	12	4	28	38	12	14	14	1	3	2	10	12	11	0.4417476314239839
817	36	40	2	24	4	32	22	6	3	10	15	7	6	13	0.3316248076828159
818	14	18	10	10	14	36	8	2	10	6	4	5	9	6	0.2385910030461875
819	18	12	10	8	16	8	20	2	3	2	3	9	3	9	0.4099480605304271
820	16	24	10	40	38	8	8	1	9	1	6	8	6	15	0.4385232650654323
821	22	22	14	20	36	40	38	1	7	4	3	10	11	9	0.43082285118053665
822	2	20	10	26	10	6	18	5	5	6	3	3	4	10	0.33663508401755754
823	30	14	6	8	34	26	4	8	14	15	9	5	6	7	0.15138259601662293
824	30	36	6	12	12	34	32	4	2	1	4	6	14	4	0.5060552384554832
825	16	38	18	12	38	24	36	3	12	1	7	10	3	13	0.3953387374819507
826	24	20	4	4	4	36	32	5	14	2	14	1	9	15	0.31361996582114365
827	14	16	28	6	32	18	4	14	13	8	6	11	5	6	0.16813307361274107
828	32	18	20	14	30	4	40	2	2	8	3	1	9	8	0.36349837637584
829	4	16	6	6	40	22	10	1	4	6	3	4	1	15	0.3843717686384316
830	18	28	14	28	32	4	20	5	5	6	3	4	5	5	0.39668540607845226
831	22	22	24	2	26	38	38	8	9	3	5	2	9	9	0.3055754264709634
832	30	8	36	38	34	4	24	2	5	4	8	5	10	6	0.5216741070796189
833	20	4	32	12	28	28	22	5	3	11	6	10	8	14	0.3237672943845852
834	16	8	8	14	22	4	28	2	3	2	2	8	10	8	0.5025266716198279
835	26	6	26	24	36	6	10	3	4	8	5	11	5	7	0.3414711384931764
836	34	6	26	8	26	18	28	4	6	5	2	7	5	10	0.49893364713703153
837	36	12	20	14	36	28	22	3	3	3	1	10	11	9	0.5002533255212622
838	26	14	10	24	32	6	28	4	7	12	2	5	2	10	0.4960873364791152
839	40	16	4	22	38	34	2	5	2	6	7	7	7	13	
840	30	8	28	38	32	36	24	11	9	12	3	4	12	9	0.21375583895923336
841	38	4	34	2	26	32	20	2	4	1	8	6	11	12	0.5021334005182665
842	34	28	14	30	12	18	12	4	5	2	6	3	14	6	0.4068323574332144
843	40	8	40	30	20	4	28	11	10	7	9	5	9	5	0.19517193910576455
844	30	2	4	26	34	32	16	7	4	3	2	3	13	11	0.45380972842955664
845	38	2	16	32	36	8	12	7	2	10	3	12	4	13	0.37150751565761
846	38	22	8	18	36	16	30	7	2	2	4	10	12	11	0.4608631499182252
847	38	14	30	14	36	36	24	2	1	10	2	13	1	9	0.521796073881522
848	8	28	26	28	26	2	14	11	2	4	3	9	8	1	0.4077002792773309
849	26	28	34	38	8	32	18	8	3	5	3	3	11	3	0.3698873067584599
850	38	8	2	28	26	10	38	3	2	2	2	2	15	6	0.5001860227477246
851	30	40	6	28	36	12	32	13	4	4	2	7	10	4	0.3353407804418163
852	38	6	10	16	26	14	38	5	1	2	6	6	10	9	0.44594570140450096
853	34	6	12	38	32	20	10	14	2	4	7	3	15	3	0.38663810816960287
854	10	24	6	24	38	12	30	6	3	8	5	3	8	3	0.4319058679512537
855	12	28	10	8	30	30	36	4	2	2	5	9	6	3	0.44561162042977664
856	36	4	30	30	24	12	20	8	8	1	4	3	6	4	0.3148879752339348
857	14	6	32	32	36	20	22	1	1	2	2	14	13	7	0.519934962900312
858	38	6	32	14	26	10	26	3	4	2	13	2	8	14	0.4289677106053507
859	26	14	24	20	38	6	10	5	1	3	10	7	3	1	0.4836441965334292
860	38	2	34	40	32	28	32	1	2	1	2	2	8	4	0.5257030107113843
861	20	30	14	14	30	6	8	2	2	4	7	4	12	14	0.32919340817081516
862	12	8	8	34	16	22	16	2	3	4	4	2	9	4	0.39589680309075376
863	30	18	6	34	18	38	4	5	4	2	6	10	5	11	0.39300339597466233
864	40	32	2	32	34	4	14	3	6	2	3	9	6	4	0.3803139946097344
865	32	10	22	8	38	22	10	2	5	2	1	3	14	5	0.4784617291464437
866	22	22	12	38	34	22	8	3	1	5	12	14	7	12	0.383308925713628
867	12	26	6	28	40	26	30	1	5	1	3	8	12	6	0.40845308628422133
868	40	18	32	8	24	30	20	3	1	4	1	9	12	12	0.46794726513459384
869	26	8	26	36	40	8	12	2	3	1	1	13	10	5	0.5197943656439751
870	32	36	40	30	30	2	8	6	2	2	6	3	12	9	0.4550657532223441
871	38	38	4	2	12	18	26	1	2	6	4	2	5	1	0.519392831783804
872	30	14	8	26	34	14	6	6	2	3	3	7	12	2	0.4410650980089793
873	32	10	4	34	40	30	6	13	1	4	2	12	6	12	0.4516484167269704
874	6	18	24	6	26	30	6	6	2	2	5	14	13	4	0.4494732920890924
875	30	30	10	40	36	16	38	2	9	4	4	2	1	2	0.3091234951358563
876	36	30	14	16	18	20	10	2	2	4	4	7	8	14	0.4035182806665986
877	34	16	10	14	24	20	36	2	1	2	5	1	9	4	0.46364055732827736
878	30	10	6	30	12	20	8	2	6	1	2	6	7	5	0.4764219317377721
879	40	20	10	8	22	30	26	2	1	2	5	8	7	5	0.5247681997312574
880	30	16	40	28	38	10	22	4	4	4	2	3	6	15	0.4008058263119935
881	32	30	38	34	8	14	10	14	1	2	3	3	6	11	0.4436302451019809
882	14	2	18	30	20	14	6	7	1	2	3	8	11	15	0.4471811935352285
883	22	28	24	22	38	4	14	10	2	8	4	11	7	3	0.3863557536803165
884	26	12	38	16	38	28	16	2	1	2	3	5	15	9	0.5231743956991806
885	14	40	28	12	34	22	4	8	2	2	4	3	3	11	0.4611166877622757
886	32	28	8	22	24	20	28	5	2	1	5	5	12	3	0.5015251976328414
887	34	20	30	40	24	32	30	3	1	1	4	5	12	2	0.5269849797401653
888	34	28	16	18	38	14	16	5	2	6	6	5	12	11	0.4067647665526619
889	32	4	18	18	34	6	30	8	2	6	1	9	6	12	0.4712775896246851
890	16	22	30	34	20	8	26	1	1	2	4	2	14	9	0.5136870809511659
891	22	10	14	38	36	20	16	2	4	6	5	15	11	12	0.4670109232585427
892	4	34	2	10	38	6	28	1	4	2	1	2	3	4	0.4910134325752033
893	34	38	24	8	36	28	28	3	5	4	3	4	3	9	0.38063674435485045
894	30	28	4	4	40	30	22	4	5	4	2	4	4	13	0.3210697183404463
895	26	32	28	4	28	24	28	4	5	6	2	2	12	2	0.4262816348067936
896	12	38	16	4	38	20	20	10	1	1	2	13	2	2	0.4699795673970584
897	34	24	28	30	32	2	24	4	4	4	3	5	8	13	0.5064577676261228
898	24	20	36	26	26	14	36	2	1	4	1	10	8	2	0.5228211477086862
899	38	2	12	30	34	26	14	7	7	1	5	9	14	13	0.3350127251478619
900	32	16	10	20	40	18	12	5	3	1	7	5	9	11	0.4807505154296698
901	34	4	16	34	26	6	6	1	2	3	4	12	5	11	0.522080748585739
902	34	24	26	16	32	26	26	5	6	4	4	7	12	8	0.37258162812022655
903	30	26	34	18	32	16	34	6	4	2	2	11	8	11	0.4579747815385289
904	30	10	28	30	40	6	32	4	6	4	4	4	10	8	0.5063776123215411
905	16	24	32	38	30	10	6	10	3	2	2	15	7	14	0.3966806722818368
906	34	22	14	30	40	12	6	5	1	1	3	3	2	10	0.4649183604027909
907	14	24	22	28	36	4	16	4	4	2	3	8	6	13	0.48458884366013866
908	22	22	10	4	38	28	34	3	5	7	10	15	13	14	0.24402178826287876
909	32	10	18	34	38	10	34	6	1	2	4	6	1	5	0.4563107099658121
910	14	4	14	30	36	10	10	1	2	6	4	15	13	10	0.441330647136876
911	32	36	10	16	38	24	32	6	1	7	4	12	5	11	0.4756092000165855
912	28	34	36	12	36	4	26	7	1	3	6	2	10	8	0.4826727540860255
913	40	34	22	24	40	8	4	3	2	2	3	12	4	5	0.5201146210554389
914	18	14	12	38	36	36	32	10	2	2	2	3	10	2	0.4464910388262114
915	20	4	14	30	30	32	40	5	2	1	7	3	9	2	0.4894013596623462
916	14	20	20	10	38	30	30	3	3	2	9	8	14	1	0.42636146291316046
917	20	6	12	36	32	26	24	3	1	7	2	14	8	8	0.5224923120911921
918	20	12	28	28	36	2	12	2	2	3	7	14	11	2	0.36269056293643054
919	36	4	14	26	36	38	34	3	2	6	3	2	15	6	0.4061916218211976
920	16	10	24	20	40	30	14	2	4	6	8	9	5	7	0.2952780882546628
921	36	8	6	30	34	34	12	3	4	2	7	9	10	11	0.48882868094946413
922	28	16	36	8	38	24	30	11	5	3	10	4	10	4	0.27855474056927004
923	32	18	36	8	36	38	10	3	6	5	7	14	11	1	0.3140323794391872
924	30	24	8	12	34	14	36	2	6	4	2	4	9	9	0.4405205507884936
925	30	14	36	6	38	8	4	3	5	4	2	12	5	10	0.3883861010451009
926	10	18	18	22	26	30	20	1	5	1	6	5	14	5	0.43967444722513394
927	32	22	14	10	36	28	38	2	6	2	4	6	13	13	0.5211093499522097
928	12	30	24	28	34	32	22	6	4	4	1	11	10	4	0.4130087399341116
929	18	32	12	6	32	28	20	3	1	5	3	10	4	7	0.3784843817460364
930	32	30	32	24	32	32	14	12	2	2	2	9	6	3	0.4039003183995524
931	12	10	30	22	40	16	6	6	2	4	4	2	14	11	0.4345974905090352
932	20	38	38	18	28	10	18	5	2	1	6	12	7	10	0.5015333068740039
933	6	22	8	6	36	24	24	1	5	5	6	12	13	5	0.3043561069671378
934	12	26	10	12	38	8	34	6	1	2	3	7	11	4	0.4814520894605838
935	34	8	4	10	38	36	24	4	2	2	5	13	4	5	0.4422883604674722
936	16	10	20	22	40	18	4	4	2	3	2	8	14	4	0.4707198679586779
937	32	12	12	10	38	30	26	4	3	1	12	12	15	3	0.4522475964242201
938	30	18	12	18	38	36	8	4	2	3	12	10	10	6	0.3778686256957938
939	32	16	22	4	36	36	32	2	6	5	7	3	8	5	0.339868243687891
940	26	30	14	10	38	36	24	7	2	3	6	13	6	2	0.4776698712423234
941	20	18	18	4	38	30	24	1	4	5	9	5	14	1	0.4869422347970882
942	14	16	28	14	36	38	20	2	2	10	4	11	13	13	0.3555618215233081
943	40	36	34	2	32	28	36	4	1	2	6	10	14	11	0.3886611553212048
944	38	18	32	4	36	36	16	1	3	6	3	6	14	14	0.5228264631979574
945	20	2	30	10	34	30	10	3	3	2	4	10	8	5	0.4485816692755379
946	12	34	10	36	24	18	26	1	5	1	1	10	8	2	0.404533955923792
947	24	6	10	28	38	16	36	2	1	4	4	6	2	6	0.43569017260127374
948	12	30	20	4	36	36	22	3	1	1	12	11	11	2	0.5187113939347436
949	28	8	32	10	40	28	2	5	2	1	10	11	14	5	0.495114814305924
950	36	10	24	32	38	14	32	3	7	3	2	11	15	10	0.3527996687209153
951	36	22	22	26	26	36	20	4	1	1	4	7	7	9	0.5033295062874669
952	2	12	12	16	32	22	38	5	5	2	2	13	7	4	0.4683263592949408
953	14	4	14	14	34	40	28	8	3	4	2	11	10	5	0.4530191619937574
954	32	12	32	18	38	6	26	5	4	5	1	12	5	3	0.4063636449913188
955	38	14	6	28	34	10	34	5	5	3	11	14	10	13	0.27121218299248484
956	10	26	24	34	38	4	26	5	3	4	3	14	14	6	0.4578151297503958
957	20	6	32	14	38	36	14	2	7	2	3	4	5	8	0.4044284181775882
958	34	6	26	14	32	4	40	6	2	1	1	14	8	13	0.48472366350382895
959	24	2	24	2	24	12	14	3	3	4	7	14	12	11	0.42567709241680496
960	30	8	2	8	18	26	18	2	3	3	6	12	4	1	0.3435428922687681
961	38	20	26	8	34	26	14	7	5	2	6	12	12	12	0.37154971749301896
962	28	6	18	12	36	24	24	6	2	6	7	13	3	4	0.3681293773584477
963	40	16	10	4	40	4	30	7	5	9	10	9	5	4	0.45672956131253795
964	12	40	28	16	12	10	22	6	9	13	14	8	5	12	0.2137206537064048
965	8	12	6	12	8	12	4	14	7	8	4	11	14	2	0.23145794304102424
966	32	24	30	10	10	30	22	13	6	2	10	9	3	9	0.2915249546277168
967	6	16	26	26	38	34	6	13	3	4	8	3	7	15	0.35682243941760405
968	12	36	2	14	8	28	20	9	8	3	2	7	13	15	0.251191734246295
969	36	10	12	10	30	20	30	3	1	1	7	8	3	6	0.5246774743114937
970	26	38	24	10	16	8	6	10	13	8	3	5	5	12	0.19351950929485928
971	38	26	6	8	30	24	18	1	3	5	8	14	3	4	0.43320632128268094
972	22	16	20	30	26	8	20	9	7	15	3	2	7	10	0.18856497838144207
973	30	26	24	34	16	34	40	4	13	9	12	9	2	11	0.30967216071022324
974	36	22	14	20	10	34	18	11	14	11	14	5	11	11	0.19066825818065844
975	36	16	12	22	30	22	36	9	2	6	8	9	4	10	0.37587439641061854
976	24	6	20	16	38	18	10	1	3	12	5	13	14	13	0.52282859585579
977	10	28	14	20	26	22	34	14	7	14	6	6	1	6	0.4020469479070769
978	4	4	20	22	38	24	26	4	2	7	10	3	15	14	0.3683394244040398
979	8	16	34	26	10	8	36	4	6	4	7	12	9	6	0.33227923535862397
980	22	16	4	36	38	32	28	12	7	14	8	11	8	8	0.1982717292916538
981	22	28	18	14	38	34	30	8	1	10	4	10	2	4	0.4153728010060492
982	24	40	8	4	4	16	4	5	1	5	4	4	14	10	0.40441773618478005
983	30	40	10	14	28	24	18	5	8	1	12	11	2	8	0.3911221264945029
984	20	22	28	28	28	4	4	3	8	6	9	7	7	5	0.2780525224379161
985	28	32	34	36	12	28	22	4	8	5	9	8	3	6	0.3733980972708797
986	10	14	26	30	38	28	40	10	7	5	13	2	3	11	0.23095800878093808
987	16	20	24	32	28	10	20	4	9	2	6	6	8	2	0.4973173442010237
988	28	22	16	22	22	14	38	9	4	3	6	2	3	12	0.3978663587127213
989	18	30	2	14	8	6	10	7	9	3	4	12	15	5	0.3143296927992994
990	24	4	12	16	20	32	34	1	8	8	8	2	8	0	0.3052821590430288
991	8	16	26	8	30	38	22	4	8	1	3	4	1	5	0.4036909302306444
992	4	30	24	26	34	32	6	5	1	4	6	0	1	4	0.5050430668977987
993	28	10	20	6	24	4	26	2	7	6	5	0	7	4	0.3634429671466577
994	8	20	20	38	6	16	20	5	3	2	1	0	6	2	0.4597099025671759
995	4	36	8	30	6	10	10	7	7	3	3	3	8	4	0.3881044341310602
996	26	28	18	38	28	8	28	4	4	0	0	3	8	6	0.44483473509960775
997	18	34	36	38	36	6	8	6	3	5	2	4	6	1	0.4551716516215442
998	20	36	14	28	12	2	4	7	1	4	5	4	6	6	0.476768969866687
999	32	34	28	38	32	4	20	3	4	4	1	3	7	1	0.5152286934221266
1000	2	34	28	38	24	6	24	5	6	6	1	4	5	4	0.45574630868319616
1001	22	16	16	28	26	2	10	6	8	2	1	4	8	5	0.4595612315804663
1002	2	38	18	18	12	22	16	5	7	0	3	6	5	3	0.44390561331550366
1003	20	40	16	18	30	10	18	5	5	2	2	1	6	4	0.4170532640306134
1004	8	34	16	38	34	12	2	2	6	6	1	4	7	6	0.492174918086239
1005	14	30	26	32	28	22	18	8	7	0	0	4	5	6	0.33812171199591284
1006	8	28	30	6	32	4	16	2	4	0	5	1	7	6	0.4716111715712878
1007	10	24	38	34	22	4	4	5	7	1	6	4	7	4	0.44568661841599944
1008	8	32	24	30	18	14	22	8	4	4	3	1	6	0	0.42504116879765913
1009	20	28	8	18	14	14	22	8	4	2	3	4	4	6	0.40665570188645295
1010	6	34	10	36	16	12	30	5	4	5	0	6	8	7	0.4642200693764058
1011	4	34	34	2	6	8	24	7	2	6	7	7	4	4	0.4218718548031015
1012	10	18	30	16	28	4	18	5	6	7	3	7	6	6	0.4481957422922859
1013	12	26	32	24	32	34	26	7	6	1	4	7	5	5	0.35516155579962366
1014	8	32	36	38	6	8	24	8	4	3	2	2	5	7	0.41199298544815144
1015	8	38	8	26	20	6	14	5	6	4	2	3	8	4	0.4079261052196911
1016	4	38	4	36	12	14	24	6	7	5	4	4	4	6	0.45913752616204584
1017	24	30	6	36	16	12	24	6	8	3	2	8	7	4	0.288631430176676
1018	2	26	10	12	6	10	6	6	4	2	0	6	6	5	0.448670114960821
1019	16	22	14	36	22	36	14	5	5	1	1	7	5	4	0.46840198798974103
1020	20	36	26	14	26	20	20	6	4	5	4	1	7	7	0.4493311034439243
1021	16	20	34	38	26	22	32	7	6	0	2	3	7	6	0.33990347906271723
1022	24	22	10	6	14	12	6	8	7	4	4	7	7	6	0.4542033998984355
1023	34	24	40	16	12	2	24	7	7	1	4	8	5	5	0.38605179913116383
1024	2	16	34	18	30	20	14	7	4	0	1	4	1	5	0.42523747448179344
1025	24	36	26	30	8	10	34	4	5	3	0	3	4	5	0.49399048891389136
1026	16	2	24	22	16	4	4	4	5	7	8	5	2	6	0.27465713943376563
1027	12	32	24	30	18	38	36	8	3	3	1	5	4	6	0.39939804200244783
1028	12	16	10	28	16	8	32	3	7	3	3	1	2	2	0.3181260004454251
1029	30	30	32	34	32	4	22	5	2	6	4	8	4	8	0.41874920362956913
1030	2	30	26	22	32	6	14	4	8	3	5	2	3	3	0.38369718360506494
1031	4	34	10	28	20	14	30	2	8	1	4	2	7	5	0.4650705613239973
1032	12	8	10	22	24	14	10	6	2	2	3	5	6	1	0.44711977896472654
1033	34	10	4	28	16	26	6	6	6	4	4	4	4	6	0.29714647127338994
1034	24	8	22	26	32	36	6	2	5	1	5	1	2	2	0.44745233535824774
1035	10	30	30	12	4	36	18	5	6	2	6	2	7	6	0.3900988415472313
1036	6	26	8	34	36	28	30	6	8	7	3	4	2	6	0.2424357598965828
1037	32	18	8	30	26	32	22	4	7	1	4	8	7	5	0.41717629775307513
1038	34	22	8	28	36	10	10	5	6	6	8	1	6	5	0.3032692098968312
1039	22	36	30	14	36	28	26	8	4	7	2	8	4	8	0.4042339252292643
1040	26	26	12	16	18	2	18	7	2	6	7	2	8	0	0.3924068456674915
1041	16	36	30	2	22	10	34	6	3	6	4	5	3	6	0.4464158507470583
1042	32	30	32	6	34	26	28	7	2	0	5	3	7	8	0.47345162239220223
1043	16	30	30	30	10	6	18	4	6	7	3	2	0	0	0.28285296008325544
1044	10	32	14	16	40	12	24	3	2	7	6	2	7	5	0.5170410379642028
1045	6	8	40	8	4	36	40	2	6	6	6	8	3	0	0.3205966023178159
1046	22	38	34	32	26	14	20	8	5	5	3	3	3	1	0.34027634827191156
1047	10	30	8	34	26	12	6	2	4	5	5	7	1	8	0.349775033945378
1048	8	12	38	18	32	38	8	5	4	5	7	2	3	4	0.3384334924292416
1049	32	20	24	36	18	10	36	4	5	2	3	3	3	3	0.5017365616626929
1050	2	32	12	36	38	30	22	5	5	7	3	7	4	5	0.34269732000748926
1051	24	8	24	4	24	28	22	8	6	7	4	4	1	3	0.24378938351245927
1052	20	8	40	32	12	28	36	5	5	7	3	6	5	2	0.48019479628872674
1053	18	18	8	26	22	12	4	5	3	6	5	7	3	7	0.3293878617548473
1054	12	8	32	4	20	4	16	5	8	6	1	4	6	3	0.2813399999907196
1055	8	14	34	32	20	12	32	4	1	4	6	6	2	8	0.3909975416652064
1056	22	8	38	22	26	12	34	3	1	7	6	1	1	4	0.3676832539373034
1057	10	14	36	8	36	36	40	6	7	1	5	5	2	5	0.44234260141674586
1058	26	6	14	10	12	22	10	4	7	5	0	5	6	6	0.36940571545752504
1059	12	28	32	28	12	8	30	4	8	6	2	2	1	7	0.2861548254170307
1060	10	10	10	36	18	24	6	5	2	0	6	7	2	7	0.469565373383385
1061	6	38	6	36	30	6	26	3	5	5	7	2	1	2	0.3238696234597297
1062	32	4	28	4	36	32	12	7	2	7	3	4	7	2	0.3983322486648479
1063	20	32	38	36	36	6	28	2	7	7	3	5	4	2	0.28229943017964154
1064	4	28	30	38	34	8	6	5	4	6	3	6	3	7	0.3666648317258245
1065	34	8	40	12	16	14	6	5	3	6	6	5	8	8	0.32625105622221107
1066	4	18	22	10	36	32	6	8	2	4	6	1	0	1	0.4099767918731204
1067	22	4	32	32	8	4	6	2	5	1	2	7	5	5	0.450402261699679
1068	12	32	26	36	28	10	24	6	5	1	3	2	5	7	0.4242530149677235
1069	2	38	14	2	12	12	34	5	4	5	1	4	2	1	0.3964854306412036
1070	14	34	22	36	22	24	30	3	3	3	0	2	4	4	0.4749581649990175
1071	18	30	2	14	8	6	10	3	4	1	2	6	8	3	0.4921602061904875
1072	40	40	40	40	40	40	40	2	2	2	2	2	2	2	
1073	40	40	40	40	40	40	40	2	2	2	2	2	2	2	
